eslabon_cadena,claim_o_artefacto,url_original,version_o_fecha_fuente,estado_acceso_p4,bytes_originales_disponibles,publico_sin_auth,firmado_por_firma_independiente,estado_disponibilidad,razon_de_equivalencia_o_falta
"R1 Regla original del mercado (bytes de regla por mercado: asset/ventana 300s/empate/fuente)","Gamma API expone reglas y metadatos por mercado resuelto; ORDER098 ya ejercito el GET publico","https://gamma-api.polymarket.com (documentado en issues #201/#205 y ORDER098)","documentado en #201 ADDENDUM A 2026-10-08; no re-ejercitado en P4 (NO_EXTERNAL_FEED_COLLECTION)","NO_REEJERCITADO_EN_P4 (documental)","SI (retrospectivamente para mercados cerrados)","SI","NO (metadatos de plataforma, no reporte firmado)","PUBLIC_ORIGINAL_FOUND","el texto de regla emana del emisor del mercado; sellado por sha256 al momento de lectura; deriva de version/deriva temporal no verificable para lecturas retrospectivas"
"R2 Config TWAP de la clase de mercado","Gamma cryptoMarketConfig={id:btc-5m-twap-60,twapEnabled:true,twapLookbackSeconds:60} fija ventana TWAP de 60s para BTC5m","https://gamma-api.polymarket.com (citado en AUD P1b de #201)","AUD P1b 2026-10-08 (citado); no re-ejercitado en P4","NO_REEJERCITADO_EN_P4 (documental)","SI","SI","NO","PUBLIC_ORIGINAL_FOUND","vincula la clase de mercado con la fuente TWAP60; el nombre del topico exacto legado es crypto_prices_twap_sixty (AUD P1b), no el generico crypto_prices_chainlink"
"R3 Mecanismo de resolucion up/down","UP si TWAP final >= price-to-beat; ambos de la misma cadena Chainlink TWAP; determinista sin UMA","https://docs.polymarket.com/concepts/resolution.md","verificado vivo en P3 (sha256 2264660d...) 2026-10-09; no re-verificado en P4","VERIFICADO_EN_P3","SI (documento oficial)","SI","NO (documento, no datos)","PUBLIC_ORIGINAL_FOUND","regla documentada por el operador del mercado; define el predicado de equivalencia que RED-ORACLE-EQUIV recomputaria"
"R4 Resolucion terminal de plataforma","Gamma outcomePrices 0/1 tras cierre; Data API v2 GET /v2/resolutions publica estado de resolucion","https://docs.polymarket.com/migrate/data-api-v1-to-v2.md","accedido P4 200 (sha256 96955b89...) 2026-10-09T11:56Z; v1 se retira 2026-10-24","ACCEDIDO_200","SI (resultados por mercado)","SI","NO (resolucion de plataforma)","PUBLIC_ORIGINAL_FOUND","evidencia de clase PLATFORM_TERMINAL_RESOLUTION: necesaria pero no suficiente como etiqueta autoritativa (no es reporte firmado de Chainlink)"
"R5 Fuente TWAP60 moderna (PolyBolt prices.crypto.twap)","Reference price subscriptions require authentication (SecureClient @polymarket/client >=0.11.0); valor Decimal exacto sin E18; windowSeconds=60 es lookback","https://docs.polymarket.com/market-data/realtime-data","accedido P4 200 (sha256 d0743b82...) 2026-10-09T11:51Z; byte-identico al verificado en P3","ACCEDIDO_200","NO","NO (requiere apiKey/secret/passphrase)","NO (relay del proveedor)","PROVIDER_DOCUMENTED_AUTH_REQUIRED","la fuente nombrada por la regla es accesible solo con autenticacion; su captura no esta en custodia y NO_NEW_PROVIDER_AUTH lo bloquea"
"R6 Fuente TWAP60 legada (RTDS crypto_prices_twap_sixty)","topico publico (AsyncPublicClient) forward-only con full_accuracy_value E18 y window_s=60; smoke verificado por AUD P1b; sunset legado planificado 1 mes tras 0.11.0","https://docs.polymarket.com/migrate/rtds-to-polybolt","accedido P4 200 (sha256 c6bba4c8...) 2026-10-09T11:51Z","ACCEDIDO_200","NO (solo flujo futuro)","SI (topico legado publico)","NO","DOCUMENTED_NO_HISTORICAL_API","el topico legado era publico pero forward-only: no existe API documentada de historico; el pasado no es reproducible desde el"
"R7 Reportes firmados Chainlink Data Streams (btc-usd-twap-60s)","los reportes con validFromTimestamp/observationsTimestamp exigen credenciales de API","https://docs.chain.link/data-streams/tutorials/ts-sdk-fetch (citado en #201 ADDENDUM A)","citado 2026-10-08 en #201 ADDENDUM A; re-verificacion directa P4 bloqueada (data.chain.link HTTP 429)","CITADO_NO_REVERIFICADO (429 en data.chain.link)","NO","NO","SI serian firmados por Chainlink pero NO estan en custodia","PROVIDER_DOCUMENTED_AUTH_REQUIRED","la unica capa con firma independiente del operador del mercado es inaccesible bajo ZERO_SPEND/NO_AUTH; sin ella no hay atestacion criptografica"
"R8 Historico autentico TWAP60 sin autenticacion","ninguna pagina oficial consultada documenta un archivo historico publico de la serie TWAP60 para ventanas pasadas","https://docs.polymarket.com/llms.txt + market-data/* + migrate/*","indice de docs accedido P4 200 (sha256 b2b924d7...) 2026-10-09T11:51Z","ACCEDIDO_200","NO","NO (no encontrado en fuentes consultidas)","NO","NOT_FOUND_IN_SEARCHED_SOURCES","no encontrado != prueba de inexistencia; si existiera via on-chain u otro archivo, requeriria descubrimiento autorizado; hoy el replay historico no es decidible"
"R9 Snapshot de suscripcion (historia por suscripcion)","cada suscripcion entrega un snapshot de puntos historicos en payload.data y luego updates; para precios de referencia exige autenticacion","https://docs.polymarket.com/market-data/realtime-data","accedido P4 200 (sha256 d0743b82...) 2026-10-09T11:51Z","ACCEDIDO_200","PARCIAL (limitado al momento de suscripcion)","NO para referencia (auth requerida)","NO","PROVIDER_DOCUMENTED_AUTH_REQUIRED","el snapshot acompaña la suscripcion, no constituye archivo completo de ventanas pasadas; insuficiente para recompute de mercados resueltos"
"R10 Atenuacion on-chain del settlement","los recursos onchain-position-data/blockchain-data publican trades/posiciones/resolucion; no se encontro documentacion de que los valores TWAP de settlement (price-to-beat y final) se publiquen on-chain con firma","https://docs.polymarket.com/resources/onchain-position-data.md","indice de docs accedido P4 200; pagina concreta NO consultada en P4","INDICE_CONSULTADO_PAGINA_NO","DESCONOCIDO","SI (blockchain publica)","DESCONOCIDO","UNKNOWN","ni encontrado ni refutado: se exige no inferir; su verificacion exigiria lectura autorizada de contratos/planes especifica del owner"
"R11 Libros (book depth) historicos a T0","CLOB REST expone libro vigente; no se encontro API publica de archivos de libros por timestamp pasado","https://docs.polymarket.com/market-data/prices-order-books","verificado vivo en P3 (sha256 f3f23f21...) 2026-10-09; no re-verificado en P4","VERIFICADO_EN_P3","NO","NO (no encontrado en fuentes consultidas)","NO","NOT_FOUND_IN_SEARCHED_SOURCES","sin libros T0 custodiados no hay capa economica historica; REAL_VERIFIED_FILLS=0 y QUOTE age/depth originales no existen"
"R12 Trades ejecutados historicos publicos","Data API v2 GET /v2/trades expone historico publico de operaciones ejecutadas por mercado (v1 retirado 2026-10-24)","https://docs.polymarket.com/migrate/data-api-v1-to-v2.md","accedido P4 200 (sha256 96955b89...) 2026-10-09T11:56Z","ACCEDIDO_200","SI (trades de terceros)","SI","NO","PUBLIC_ORIGINAL_FOUND","artefacto de clase distinta: fills reales de otros participantes; no reconstruye quotes T0 ni probabilidad de fill propia; util solo como contexto de investigacion"
"R13 Serie de precio historica del token","Data API v2 GET /v2/prices-history expone historico de precio del token","https://docs.polymarket.com/migrate/data-api-v1-to-v2.md","accedido P4 200 (sha256 96955b89...) 2026-10-09T11:56Z","ACCEDIDO_200","SI","SI","NO","PUBLIC_ORIGINAL_FOUND","proxy de mercado del token: NO es la fuente de settlement TWAP60 ni precio ejecutable; prohibido sustituirlo por la fuente nombrada (RED nuevo SOURCE-SUBSTITUTION)"
"R14 Parametros de fees por mercado a T0","fee params por mercado/version se leen de market details publicos; C*0.07*p*(1-p) es ejemplo de categoria, no constante global","https://docs.polymarket.com/trading/fees.md","verificado vivo en P3 (sha256 7409b13c...) 2026-10-09; no re-verificado en P4","VERIFICADO_EN_P3","SI (metadatos por mercado)","SI","NO","PUBLIC_ORIGINAL_FOUND","disponible retrospectivamente para mercados cerrados con advertencia de deriva de version: el binding exacto T0 debe sellarse por lectura y no asumirse uniforme"
