escenario,sub_escenario_o_parametro,ev_bruto_por_share,coste_spread_por_share,coste_fee_por_share,coste_otros_por_share,ev_neto_por_share,comentario,clase
E1_incorporacion_de_mercado,beta=0.0,0.04,0.01,0.01749,0.0,0.02251,q=0.5+0.05s; ask=0.5+beta*0.05s+0.01; el mercado incorpora beta de la senal antes de que podamos trading,n/a
E1_incorporacion_de_mercado,beta=0.25,0.0275,0.01,0.01746,0.0,0.01004,q=0.5+0.05s; ask=0.5+beta*0.05s+0.01; el mercado incorpora beta de la senal antes de que podamos trading,n/a
E1_incorporacion_de_mercado,beta=0.5,0.015,0.01,0.01741,0.0,-0.00241,q=0.5+0.05s; ask=0.5+beta*0.05s+0.01; el mercado incorpora beta de la senal antes de que podamos trading,n/a
E1_incorporacion_de_mercado,beta=0.75,0.0025,0.01,0.01734,0.0,-0.01484,q=0.5+0.05s; ask=0.5+beta*0.05s+0.01; el mercado incorpora beta de la senal antes de que podamos trading,n/a
E1_incorporacion_de_mercado,beta=1.0,-0.01,0.01,0.01725,0.0,-0.02725,q=0.5+0.05s; ask=0.5+beta*0.05s+0.01; el mercado incorpora beta de la senal antes de que podamos trading,n/a
E1_hurdle_minimo,half_spread=0.005,0.0225,0.005,0.0175,0.0,0.0,edge bruto minimo por share para EV=0 con beta=0 (senal totalmente no incorporada) en un libro centrado en 50c,n/a
E1_hurdle_minimo,half_spread=0.01,0.02749,0.01,0.01749,0.0,0.0,edge bruto minimo por share para EV=0 con beta=0 (senal totalmente no incorporada) en un libro centrado en 50c,n/a
E1_hurdle_minimo,half_spread=0.02,0.03747,0.02,0.01747,0.0,0.0,edge bruto minimo por share para EV=0 con beta=0 (senal totalmente no incorporada) en un libro centrado en 50c,n/a
E2_longshot_barato,mid=0.05; ask=0.055; q_verdadera=0.045,-0.01,0.005,0.00364,0.0,-0.01364,"MC 20000 trades: P&L terminal medio=-0.01, P(P&L>0)=0.0; hurdle = 117% del precio del contrato",n/a
E2_longshot_con_stopping,200 series; stop +$50.0/-$150.0,-0.01,0.005,0.00364,0.0,-150.02977,P(reportar ganancia tras stopping)=0.000; E[terminal]=-150.03; seleccion de series + stopping fabrica 'evidencia' con EV negativo,n/a
E2_longshot_sesgo_favorable,q_verdadera=0.052 > mid=0.05,-0.003,0.005,0.00364,0.0,-0.00664,"incluso si el longshot esta SUBRASTADO en 0.2c, spread+fee dan EV negativo: q debe superar ask+fee=0.0586",n/a
E3_rebate_maker_pro_rata,rho=0.01 (fraccion de liquidez tomada del mercado),0.0,0.0,0.0,0.0,4e-05,"rebate/share = rho*20%*0.07*p*(1-p); diario, pro-rata, min $1, a discrecion del protocolo: NO garantizado por fill",n/a
E3_rebate_maker_pro_rata,rho=0.05 (fraccion de liquidez tomada del mercado),0.0,0.0,0.0,0.0,0.00018,"rebate/share = rho*20%*0.07*p*(1-p); diario, pro-rata, min $1, a discrecion del protocolo: NO garantizado por fill",n/a
E3_rebate_maker_pro_rata,rho=0.2 (fraccion de liquidez tomada del mercado),0.0,0.0,0.0,0.0,0.0007,"rebate/share = rho*20%*0.07*p*(1-p); diario, pro-rata, min $1, a discrecion del protocolo: NO garantizado por fill",n/a
E3_rebate_maker_pro_rata,rho=0.5 (fraccion de liquidez tomada del mercado),0.0,0.0,0.0,0.0,0.00175,"rebate/share = rho*20%*0.07*p*(1-p); diario, pro-rata, min $1, a discrecion del protocolo: NO garantizado por fill",n/a
E3_rebate_vs_adversidad,rho=0.20 optimista vs pi_informado=0.25,0.01,0.0,0.0,0.0125,-0.0018,captura de spread 1c - adversidad 0.25*5c + rebate optimista 0.0007c = negativo; el rebate es ~14x menor que la adversidad,n/a
E4_latencia,L=0.5s; libro 50c con fee crypto,0.02818,0.01,0.0175,0.0,0.00068,senal alpha=3c vida media 8s; EV residual = alpha*exp(-L/tau),n/a
E4_latencia,L=1.0s; libro 50c con fee crypto,0.02647,0.01,0.0175,0.0,-0.00103,senal alpha=3c vida media 8s; EV residual = alpha*exp(-L/tau),n/a
E4_latencia,L=2.0s; libro 50c con fee crypto,0.02336,0.01,0.0175,0.0,-0.00414,senal alpha=3c vida media 8s; EV residual = alpha*exp(-L/tau),n/a
E4_latencia,L=4.0s; libro 50c con fee crypto,0.0182,0.01,0.0175,0.0,-0.0093,senal alpha=3c vida media 8s; EV residual = alpha*exp(-L/tau),n/a
E4_latencia,L=8.0s; libro 50c con fee crypto,0.01104,0.01,0.0175,0.0,-0.01646,senal alpha=3c vida media 8s; EV residual = alpha*exp(-L/tau),n/a
E4_latencia,L=16.0s; libro 50c con fee crypto,0.00406,0.01,0.0175,0.0,-0.02344,senal alpha=3c vida media 8s; EV residual = alpha*exp(-L/tau),n/a
E4_latencia,L=0.5s; libro 50c spread tenue con fee,0.02818,0.005,0.0175,0.0,0.00568,senal alpha=3c vida media 8s; EV residual = alpha*exp(-L/tau),n/a
E4_latencia,L=1.0s; libro 50c spread tenue con fee,0.02647,0.005,0.0175,0.0,0.00397,senal alpha=3c vida media 8s; EV residual = alpha*exp(-L/tau),n/a
E4_latencia,L=2.0s; libro 50c spread tenue con fee,0.02336,0.005,0.0175,0.0,0.00086,senal alpha=3c vida media 8s; EV residual = alpha*exp(-L/tau),n/a
E4_latencia,L=4.0s; libro 50c spread tenue con fee,0.0182,0.005,0.0175,0.0,-0.0043,senal alpha=3c vida media 8s; EV residual = alpha*exp(-L/tau),n/a
E4_latencia,L=8.0s; libro 50c spread tenue con fee,0.01104,0.005,0.0175,0.0,-0.01146,senal alpha=3c vida media 8s; EV residual = alpha*exp(-L/tau),n/a
E4_latencia,L=16.0s; libro 50c spread tenue con fee,0.00406,0.005,0.0175,0.0,-0.01844,senal alpha=3c vida media 8s; EV residual = alpha*exp(-L/tau),n/a
E4_latencia,L=0.5s; libro 50c sin fee (no-BTC5m),0.02818,0.005,0.0,0.0,0.02318,senal alpha=3c vida media 8s; EV residual = alpha*exp(-L/tau),n/a
E4_latencia,L=1.0s; libro 50c sin fee (no-BTC5m),0.02647,0.005,0.0,0.0,0.02147,senal alpha=3c vida media 8s; EV residual = alpha*exp(-L/tau),n/a
E4_latencia,L=2.0s; libro 50c sin fee (no-BTC5m),0.02336,0.005,0.0,0.0,0.01836,senal alpha=3c vida media 8s; EV residual = alpha*exp(-L/tau),n/a
E4_latencia,L=4.0s; libro 50c sin fee (no-BTC5m),0.0182,0.005,0.0,0.0,0.0132,senal alpha=3c vida media 8s; EV residual = alpha*exp(-L/tau),n/a
E4_latencia,L=8.0s; libro 50c sin fee (no-BTC5m),0.01104,0.005,0.0,0.0,0.00604,senal alpha=3c vida media 8s; EV residual = alpha*exp(-L/tau),n/a
E4_latencia,L=16.0s; libro 50c sin fee (no-BTC5m),0.00406,0.005,0.0,0.0,-0.00094,senal alpha=3c vida media 8s; EV residual = alpha*exp(-L/tau),n/a
E5_falacia_punto_medio,mid=0.37; ask=0.4; edge_vs_mid=0.01,0.01,0.03,0.0168,0.0,-0.0368,el backtest contra el mid muestra +1c; el EV ejecutable contra el ask con fee es negativo; ejemplo de la doc oficial de orderbook,n/a
